Student ID,Stream,Gender,Family Income (SES),SS1 Score,SS2 Score,Mock Exam Score,Attendance Rate (%),Distance from Home (km),Study Hours per Day,Extracurricular Activity,Age,Extra Tutoring,Internet Access,Parental Education,Library Usage,Study Method,Student-Teacher Relationship,Student Status,Mock Exam English Score,Mock Exam Maths Score
STU012,Science,Male,High,51.09,31.03,58.62,68.04,19.71,2,True,18,True,True,Tertiary,False,Group-study,Weak,Pass,57.17,34.98
STU133,Commercial,Female,Low,69.67,50.72,55.74,75.18,23.85,2,True,19,True,False,Elementary,True,Group-study,Weak,Pass,56.83,50.2
STU217,Arts,Female,Average,75.19,67.27,89.94,83.32,18.7,3,False,19,True,True,Secondary,False,Group-study,Average,Pass,70.69,68.34
STU134,Commercial,Female,Average,55.59,68.46,48.74,85.68,26.63,2,False,17,False,True,Secondary,False,Self-study,Weak,Fail,28.77,52.18
STU165,Commercial,Female,Low,55.34,42.27,44.98,72.84,16.04,2,False,19,False,True,Secondary,False,Self-study,Weak,Fail,25.44,44.02
STU223,Arts,Female,Low,50.27,29.86,48.06,68.6,21.09,2,True,17,True,True,Elementary,False,Group-study,Weak,Fail,58.66,49.92
STU003,Science,Male,Average,54.35,50.96,50.29,73.68,22.16,2,False,18,True,True,Elementary,True,Group-study,Average,Pass,59.15,63.13
STU222,Arts,Male,Average,59.0,57.76,49.24,82.16,22.33,2,True,19,True,True,Secondary,False,Group-study,Average,Fail,57.2,68.0
STU033,Science,Female,High,67.56,69.65,53.56,85.46,19.21,2,False,19,True,False,Tertiary,True,Self-study,Average,Pass,63.05,36.67
STU261,Arts,Male,Low,55.28,28.34,82.14,65.29,14.09,2,True,18,False,True,Elementary,False,Group-study,Strong,Pass,73.51,61.19
STU085,Science,Female,Low,49.21,49.55,50.03,74.4,23.45,2,True,18,True,False,Secondary,True,Group-study,Average,Pass,58.05,62.86
STU059,Science,Female,Low,42.74,47.63,57.7,73.65,18.57,2,True,17,True,True,Tertiary,True,Group-study,Weak,Pass,51.07,54.18
STU027,Science,Female,Average,60.0,45.82,40.34,70.51,22.26,2,False,18,False,False,Secondary,False,Group-study,Weak,Fail,24.43,36.99
STU093,Science,Male,Average,41.88,30.91,67.84,62.32,15.68,2,True,18,True,False,Tertiary,True,Self-study,Weak,Pass,39.94,43.35
STU221,Arts,Male,Average,58.08,50.3,44.37,76.61,20.6,2,True,17,True,True,Elementary,False,Group-study,Weak,Fail,57.46,47.36
STU128,Commercial,Male,Low,44.49,60.94,65.08,77.16,22.97,2,True,19,False,True,Secondary,True,Self-study,Average,Pass,63.27,73.25
STU297,Arts,Male,Low,55.85,65.44,47.48,78.9,19.39,2,False,18,False,True,Secondary,False,Group-study,Weak,Fail,53.97,24.94
STU124,Commercial,Female,Average,41.44,95.6,46.04,98.11,29.24,3,False,18,False,True,Tertiary,False,Group-study,Weak,Fail,31.35,33.51
STU241,Arts,Male,Low,59.56,53.52,42.55,75.94,23.33,2,False,17,True,True,Secondary,False,Self-study,Weak,Fail,49.43,37.6
STU113,Commercial,Male,Low,64.36,68.96,31.06,87.24,20.97,2,False,17,True,False,Elementary,True,Self-study,Weak,Fail,20.22,45.31
STU038,Science,Female,Low,48.32,59.74,82.74,80.96,22.5,3,False,18,False,False,Elementary,False,Group-study,Strong,Pass,65.14,67.73
STU005,Science,Female,Low,57.02,59.87,88.56,83.77,23.5,2,False,17,True,True,Elementary,False,Group-study,Strong,Pass,71.3,69.02
STU057,Science,Female,High,50.01,98.26,44.48,99.76,26.07,3,False,19,True,True,Tertiary,False,Self-study,Weak,Fail,42.17,60.17
STU043,Science,Female,Average,52.01,50.49,54.41,77.84,18.7,2,False,19,False,True,Elementary,False,Self-study,Average,Pass,46.25,39.38
STU020,Science,Female,Average,35.8,73.55,93.36,88.92,25.36,3,False,18,True,True,Elementary,False,Group-study,Strong,Pass,75.61,81.6
STU050,Science,Female,Low,73.66,49.65,44.0,78.65,24.16,2,True,19,True,True,Tertiary,False,Group-study,Weak,Fail,36.26,28.46
STU286,Arts,Female,Average,86.66,43.36,50.4,68.24,19.1,2,False,18,True,False,Tertiary,False,Group-study,Average,Pass,44.52,39.64
STU052,Science,Male,Low,56.83,88.06,63.35,95.93,23.01,2,False,17,True,False,Tertiary,True,Group-study,Weak,Pass,39.46,55.3
STU274,Arts,Male,Low,45.89,64.78,52.57,81.63,23.53,2,True,17,False,False,Secondary,True,Self-study,Average,Pass,57.08,67.24
STU094,Science,Male,Low,43.28,43.89,39.18,70.73,23.38,1,False,19,False,False,Elementary,False,Group-study,Average,Fail,41.31,29.58
STU135,Commercial,Male,High,40.91,95.68,60.74,100.0,26.53,2,False,19,True,True,Elementary,True,Self-study,Weak,Pass,43.51,56.42
STU147,Commercial,Male,Low,41.77,62.32,57.81,79.74,24.11,2,False,18,False,False,Secondary,False,Group-study,Average,Pass,27.67,37.32
STU292,Arts,Female,Low,48.84,53.72,44.94,75.96,23.56,2,True,17,False,False,Elementary,True,Self-study,Weak,Fail,37.63,32.25
STU129,Commercial,Female,Average,60.8,64.55,57.2,86.16,21.28,2,False,18,False,False,Secondary,False,Group-study,Average,Pass,53.98,62.83
STU194,Commercial,Male,Average,63.19,59.54,85.12,82.25,26.29,3,True,18,True,True,Elementary,True,Self-study,Strong,Pass,74.74,70.22
STU167,Commercial,Female,Average,44.69,67.74,84.91,82.25,19.67,3,True,18,True,False,Elementary,True,Self-study,Strong,Pass,61.77,76.07
STU162,Commercial,Male,Low,54.16,66.06,42.84,85.29,20.15,2,False,17,False,False,Secondary,True,Group-study,Weak,Fail,26.56,41.5
STU238,Arts,Female,Average,52.64,55.52,86.36,74.77,23.66,2,True,18,True,False,Tertiary,True,Self-study,Strong,Pass,72.0,69.51
STU061,Science,Female,Average,81.63,75.56,57.17,87.66,27.09,3,False,18,True,True,Tertiary,False,Group-study,Average,Pass,24.97,57.74
STU190,Commercial,Female,Low,47.15,43.06,42.64,67.93,20.15,2,False,18,False,False,Elementary,True,Self-study,Weak,Fail,53.69,29.68
STU039,Science,Male,Average,79.13,96.97,43.02,99.66,29.42,3,False,18,False,False,Secondary,True,Group-study,Weak,Fail,26.33,39.44
STU045,Science,Female,Average,77.32,90.37,49.98,91.92,21.96,3,False,19,False,True,Tertiary,False,Self-study,Weak,Fail,28.34,48.52
STU037,Science,Female,Low,27.97,62.37,42.18,81.53,21.75,2,False,17,False,True,Elementary,False,Self-study,Average,Fail,21.76,31.3
STU290,Arts,Male,Average,46.04,67.34,93.64,84.45,21.33,3,False,18,True,False,Tertiary,False,Self-study,Strong,Pass,77.58,74.52
STU122,Commercial,Male,Low,47.35,44.91,36.18,72.79,19.69,1,True,19,False,False,Elementary,False,Self-study,Average,Fail,46.72,42.28
STU251,Arts,Female,Average,60.71,43.22,66.66,75.14,24.93,2,True,19,False,True,Elementary,False,Group-study,Average,Pass,45.43,60.76
STU267,Arts,Male,Average,62.92,31.62,90.68,68.94,22.8,2,True,18,True,True,Secondary,True,Self-study,Strong,Pass,77.84,75.22
STU137,Commercial,Male,High,84.71,80.42,52.31,88.48,27.49,3,True,19,False,True,Secondary,False,Self-study,Weak,Pass,54.45,46.83
STU144,Commercial,Female,Average,59.05,46.37,97.43,73.23,22.07,3,False,17,True,True,Elementary,False,Group-study,Strong,Pass,68.44,83.54
STU226,Arts,Female,Average,40.38,94.34,50.86,99.69,23.32,2,False,18,False,False,Secondary,True,Group-study,Average,Pass,33.44,29.41
STU181,Commercial,Female,Low,86.49,41.0,36.67,72.62,18.96,2,False,17,True,False,Secondary,True,Group-study,Weak,Fail,25.16,32.24
STU103,Commercial,Female,Average,66.97,79.68,56.84,93.5,29.33,3,False,18,True,True,Elementary,False,Group-study,Average,Pass,55.69,54.3
STU041,Science,Female,Average,38.55,62.62,58.6,84.5,21.77,2,True,17,False,True,Secondary,False,Self-study,Average,Pass,29.38,35.9
STU230,Arts,Male,Low,43.27,28.51,47.73,66.57,14.52,1,False,17,True,False,Secondary,True,Group-study,Average,Fail,52.97,31.53
STU157,Commercial,Male,High,61.71,73.0,91.15,90.47,26.57,3,False,19,True,True,Tertiary,False,Group-study,Strong,Pass,71.5,70.69
STU148,Commercial,Male,Low,70.58,78.93,74.25,92.84,23.0,3,False,18,True,True,Tertiary,False,Group-study,Average,Pass,67.72,64.69
STU177,Commercial,Male,High,61.05,75.49,88.82,89.66,24.02,3,True,18,True,True,Secondary,True,Group-study,Strong,Pass,77.57,65.45
STU088,Science,Male,Average,45.2,50.31,57.23,73.85,20.2,2,False,19,True,True,Elementary,False,Group-study,Average,Pass,53.26,35.68
STU263,Arts,Female,Average,84.86,40.98,61.07,66.94,16.66,3,False,18,False,True,Secondary,False,Self-study,Average,Pass,38.8,66.45
STU026,Science,Male,Low,44.83,36.11,93.25,65.5,15.66,2,True,19,True,True,Secondary,False,Self-study,Strong,Pass,74.05,70.74
STU192,Commercial,Male,Low,44.86,50.6,25.38,77.9,19.38,1,True,19,False,False,Elementary,False,Group-study,Average,Fail,20.48,28.38
STU243,Arts,Male,Average,44.66,47.34,67.5,74.41,23.1,2,True,18,False,True,Secondary,False,Group-study,Average,Pass,63.1,46.11
STU265,Arts,Male,Average,49.61,45.09,77.0,75.93,24.61,2,False,19,True,False,Secondary,True,Group-study,Strong,Pass,72.47,63.38
STU206,Arts,Female,Average,87.41,68.06,78.29,86.8,22.25,3,False,17,True,True,Tertiary,True,Group-study,Strong,Pass,73.16,57.9
STU219,Arts,Male,Low,71.57,65.91,44.48,80.39,18.24,2,True,18,True,True,Tertiary,True,Self-study,Weak,Fail,35.56,48.16
STU064,Science,Female,Average,82.09,69.57,52.13,82.22,25.05,3,False,17,False,False,Secondary,False,Group-study,Average,Pass,48.62,42.21
STU218,Arts,Male,Low,48.63,45.91,50.36,73.12,23.81,2,True,17,True,True,Elementary,False,Group-study,Average,Pass,56.87,32.17
STU247,Arts,Female,Average,93.95,92.3,61.39,96.5,23.32,3,False,17,True,True,Tertiary,True,Group-study,Average,Pass,55.39,54.78
STU143,Commercial,Male,Average,48.19,46.56,64.95,69.42,17.12,2,True,19,True,False,Elementary,False,Group-study,Average,Pass,61.0,58.61
STU115,Commercial,Male,Low,92.39,46.49,62.68,73.55,19.64,3,False,18,True,True,Tertiary,True,Group-study,Average,Pass,44.39,59.46
STU268,Arts,Male,Average,53.52,64.12,42.7,82.81,21.67,2,False,19,False,False,Elementary,False,Self-study,Weak,Fail,51.63,49.66
STU081,Science,Male,Average,43.69,48.86,38.82,74.15,17.08,2,False,17,True,False,Elementary,True,Self-study,Average,Fail,26.32,53.74
STU063,Science,Male,Average,45.54,68.69,68.36,82.35,24.32,2,True,18,True,True,Tertiary,False,Group-study,Average,Pass,56.86,63.72
STU299,Arts,Male,Average,67.11,55.1,60.85,76.16,17.67,2,False,18,True,False,Elementary,True,Group-study,Average,Pass,60.34,52.19
STU199,Commercial,Male,Low,53.44,67.56,63.12,84.32,19.94,3,False,19,False,False,Elementary,True,Group-study,Average,Pass,57.87,46.69
STU096,Science,Male,Low,71.02,49.0,83.42,72.92,20.53,3,False,18,True,True,Tertiary,True,Self-study,Strong,Pass,69.19,66.9
STU010,Science,Male,Average,44.23,64.67,80.9,86.31,22.46,2,False,17,True,True,Secondary,True,Self-study,Strong,Pass,65.52,65.78
STU237,Arts,Female,Low,51.4,59.99,62.22,80.79,18.58,2,True,18,True,True,Elementary,True,Group-study,Average,Pass,44.19,52.0
STU141,Commercial,Male,High,55.17,42.85,70.03,72.61,23.95,2,True,18,True,True,Secondary,False,Group-study,Strong,Pass,68.67,55.66
STU070,Science,Male,High,55.64,60.38,52.47,81.02,25.83,2,True,17,True,True,Elementary,False,Group-study,Weak,Pass,47.57,57.26
STU249,Arts,Male,Average,52.86,53.29,69.36,78.33,21.8,2,False,17,True,False,Secondary,True,Group-study,Average,Pass,63.7,59.21
STU127,Commercial,Male,Average,79.74,77.13,84.53,84.74,24.91,3,False,17,True,True,Tertiary,False,Group-study,Strong,Pass,73.18,67.8
STU006,Science,Female,Low,40.02,98.16,94.16,98.26,21.82,3,False,19,False,True,Elementary,True,Group-study,Strong,Pass,68.21,90.58
STU077,Science,Male,Low,49.94,46.73,47.25,77.31,19.2,2,True,18,False,True,Secondary,True,Group-study,Weak,Fail,33.06,26.91
STU091,Science,Female,Low,49.72,43.54,43.91,73.52,19.48,2,True,18,True,False,Elementary,True,Self-study,Weak,Fail,43.27,51.69
STU179,Commercial,Male,Low,42.55,91.69,72.86,93.66,24.71,3,False,18,False,True,Secondary,True,Self-study,Strong,Pass,66.5,64.12
STU161,Commercial,Female,Average,85.05,84.99,55.95,93.11,28.2,4,False,18,False,True,Secondary,True,Group-study,Average,Pass,57.89,66.4
STU114,Commercial,Male,Average,46.9,67.84,60.17,83.74,22.48,3,True,18,False,False,Elementary,False,Group-study,Average,Pass,57.86,48.81
STU191,Commercial,Female,Average,64.66,56.57,44.78,77.76,17.27,2,False,18,True,True,Elementary,True,Self-study,Weak,Fail,48.66,28.43
STU187,Commercial,Male,High,60.15,67.1,57.72,87.32,20.99,2,True,17,False,False,Tertiary,False,Group-study,Weak,Pass,56.73,36.32
STU074,Science,Male,Low,63.34,48.8,43.13,78.21,25.23,2,False,18,True,True,Elementary,False,Self-study,Average,Fail,32.42,30.37
STU067,Science,Female,Low,44.98,47.31,36.64,75.28,20.4,2,False,19,True,True,Secondary,False,Self-study,Average,Fail,39.96,56.73
STU076,Science,Male,Average,96.66,91.94,70.8,98.13,27.17,4,True,19,False,False,Tertiary,True,Group-study,Average,Pass,60.93,65.52
STU018,Science,Male,Average,43.5,65.83,55.99,86.74,24.53,2,False,19,False,True,Elementary,False,Group-study,Weak,Pass,53.79,61.12
STU024,Science,Female,Average,60.29,68.12,40.54,84.56,20.73,1,False,19,False,False,Elementary,True,Self-study,Weak,Fail,40.71,41.52
STU032,Science,Female,Low,82.64,53.99,64.93,80.7,23.66,2,True,18,True,True,Secondary,False,Self-study,Average,Pass,38.43,42.41
STU282,Arts,Female,Low,59.01,69.11,66.85,82.0,20.44,3,False,17,True,False,Elementary,True,Self-study,Weak,Pass,48.55,61.18
STU035,Science,Male,High,45.41,47.01,49.12,70.7,23.08,2,False,17,False,False,Elementary,False,Self-study,Weak,Fail,35.08,34.66
STU258,Arts,Male,High,46.43,87.92,69.32,95.38,22.52,3,False,18,False,True,Elementary,False,Group-study,Average,Pass,45.56,64.71
STU210,Arts,Female,Low,57.38,66.04,46.94,85.6,24.38,2,True,18,True,False,Elementary,True,Self-study,Weak,Fail,35.13,33.13
STU188,Commercial,Male,Average,62.05,45.08,69.84,69.59,20.52,2,True,17,True,True,Tertiary,False,Self-study,Weak,Pass,43.25,37.6
STU118,Commercial,Female,Average,50.47,55.98,54.17,78.14,22.6,2,False,19,True,True,Elementary,True,Group-study,Weak,Pass,51.41,42.54
STU131,Commercial,Female,Average,42.77,47.06,43.89,76.34,24.59,2,False,18,False,True,Elementary,True,Self-study,Weak,Fail,48.09,46.3
STU031,Science,Male,Average,91.73,56.87,36.9,77.72,20.66,3,False,18,True,True,Tertiary,True,Self-study,Weak,Fail,29.63,45.49
STU233,Arts,Male,Low,50.1,73.95,65.49,83.51,25.11,3,False,17,False,True,Elementary,True,Group-study,Average,Pass,48.23,43.45
STU049,Science,Male,Average,54.31,74.34,91.33,88.96,26.54,3,False,17,True,True,Secondary,False,Group-study,Average,Pass,76.95,73.67
STU207,Arts,Female,Low,40.76,62.85,55.85,84.54,24.25,2,True,18,True,False,Elementary,False,Self-study,Weak,Pass,33.68,37.0
STU175,Commercial,Male,Average,42.87,66.13,36.03,80.24,26.0,2,False,18,True,False,Secondary,True,Group-study,Weak,Fail,27.92,31.73
STU212,Arts,Male,Average,46.61,57.37,57.74,76.73,24.66,2,False,18,False,True,Secondary,False,Self-study,Weak,Pass,50.72,52.06
STU062,Science,Female,Low,61.69,56.82,56.77,75.59,20.33,2,False,18,False,True,Elementary,True,Self-study,Average,Pass,50.48,61.01
STU051,Science,Male,Average,94.83,47.01,30.5,76.37,20.26,2,True,18,False,True,Tertiary,False,Self-study,Weak,Fail,38.72,37.77
STU262,Arts,Male,Average,43.21,74.65,54.16,86.0,24.5,3,True,17,False,False,Tertiary,True,Group-study,Average,Pass,44.74,62.74
STU054,Science,Male,Average,74.26,46.43,61.7,75.87,23.36,3,True,17,False,True,Secondary,True,Self-study,Average,Pass,43.3,38.96
STU121,Commercial,Male,Low,52.06,57.74,59.86,78.68,24.45,2,True,18,False,True,Elementary,True,Self-study,Weak,Pass,39.36,42.08
STU092,Science,Male,Average,54.31,47.29,58.3,69.78,15.59,2,False,17,False,False,Tertiary,True,Self-study,Average,Pass,59.6,33.72
STU283,Arts,Female,Average,53.36,73.9,63.54,88.8,25.84,2,False,18,False,True,Tertiary,False,Group-study,Weak,Pass,55.08,49.01
STU015,Science,Female,Low,48.57,58.97,54.35,83.08,22.4,2,False,19,True,True,Tertiary,False,Group-study,Average,Pass,53.71,64.48
STU171,Commercial,Male,High,82.79,87.64,90.0,93.2,29.61,4,False,17,True,False,Secondary,False,Self-study,Strong,Pass,69.45,67.51
STU273,Arts,Male,Average,48.95,33.49,51.6,66.65,19.43,2,True,17,False,False,Elementary,False,Self-study,Weak,Pass,53.07,30.45
STU117,Commercial,Male,Average,60.98,61.66,95.94,83.31,22.05,3,False,17,True,True,Secondary,True,Group-study,Strong,Pass,72.95,75.47
STU153,Commercial,Female,Average,58.76,80.99,71.39,89.38,25.19,3,False,17,True,True,Tertiary,False,Self-study,Strong,Pass,55.65,75.91
STU138,Commercial,Male,Low,42.2,87.36,37.15,96.62,25.45,2,True,19,True,True,Elementary,False,Group-study,Weak,Fail,27.1,25.94
STU149,Commercial,Female,Average,59.49,48.19,85.64,77.25,18.66,2,True,17,False,True,Tertiary,True,Self-study,Strong,Pass,74.08,77.67
STU042,Science,Male,Average,69.24,92.6,90.04,98.6,23.08,4,False,19,True,True,Elementary,False,Self-study,Strong,Pass,67.53,72.85
STU136,Commercial,Female,Low,62.55,69.2,68.16,81.93,20.68,3,False,17,True,True,Secondary,False,Group-study,Average,Pass,61.34,49.37
STU034,Science,Male,Average,58.8,45.78,64.78,69.91,19.21,2,True,17,False,True,Elementary,True,Self-study,Average,Pass,43.56,51.18
STU277,Arts,Male,Average,44.34,60.32,63.76,79.52,19.41,2,False,18,False,True,Tertiary,True,Self-study,Weak,Pass,38.2,57.81
STU220,Arts,Male,Average,76.05,44.64,79.1,71.81,23.07,3,True,17,True,True,Tertiary,False,Self-study,Strong,Pass,73.51,69.24
STU130,Commercial,Male,Average,69.41,42.69,66.73,73.07,17.92,2,True,19,True,True,Secondary,True,Group-study,Weak,Pass,62.49,59.86
STU166,Commercial,Male,Average,54.37,40.13,47.05,66.1,17.71,2,True,18,False,False,Secondary,True,Self-study,Weak,Fail,33.56,38.37
STU053,Science,Male,Low,47.66,43.23,60.73,70.05,19.75,2,False,17,True,True,Secondary,False,Group-study,Weak,Pass,57.03,52.35
STU231,Arts,Male,Low,65.69,51.65,51.4,76.08,23.15,2,True,17,False,False,Elementary,False,Group-study,Average,Pass,31.57,61.87
STU068,Science,Male,Low,44.89,47.23,88.34,69.87,18.46,3,True,19,True,True,Secondary,False,Group-study,Strong,Pass,73.43,70.49
STU215,Arts,Male,High,48.94,64.8,67.18,80.72,18.77,2,False,18,True,True,Elementary,True,Self-study,Average,Pass,60.89,44.43
STU058,Science,Female,Average,40.16,69.22,83.94,88.23,21.2,3,True,17,True,True,Tertiary,False,Self-study,Strong,Pass,66.31,61.8
STU109,Commercial,Female,Low,55.37,91.58,74.32,98.41,22.66,3,False,18,True,True,Elementary,True,Group-study,Strong,Pass,69.63,65.97
STU271,Arts,Male,Average,42.63,43.63,46.83,72.4,18.7,1,False,19,False,True,Secondary,False,Group-study,Average,Fail,55.51,57.6
STU069,Science,Female,Average,59.25,83.67,78.58,92.31,28.82,3,False,18,True,True,Secondary,True,Self-study,Strong,Pass,62.5,69.03
STU007,Science,Female,Average,55.18,73.93,46.14,84.96,23.95,2,False,19,False,False,Tertiary,True,Self-study,Weak,Fail,51.57,60.21
STU101,Commercial,Female,Average,64.04,50.35,50.43,71.37,17.76,2,False,18,False,False,Tertiary,False,Group-study,Weak,Pass,34.24,58.84
STU266,Arts,Male,Average,52.56,46.2,65.55,69.29,20.48,2,False,17,True,True,Elementary,False,Self-study,Average,Pass,46.14,37.12
STU224,Arts,Female,Low,39.21,61.42,26.29,78.73,17.63,1,True,18,False,False,Secondary,False,Self-study,Weak,Fail,29.2,24.86
STU046,Science,Male,Low,58.16,95.85,31.22,100.0,27.32,2,False,19,False,True,Elementary,False,Group-study,Weak,Fail,28.0,28.72
STU163,Commercial,Male,Low,44.82,57.18,57.65,76.6,23.45,2,False,18,True,True,Elementary,True,Self-study,Weak,Pass,30.53,54.75
STU017,Science,Female,Average,46.24,67.51,40.04,82.69,23.72,2,False,19,True,True,Tertiary,False,Group-study,Weak,Fail,53.53,54.04
STU296,Arts,Male,Average,72.97,50.73,48.27,77.32,18.21,2,False,18,False,False,Secondary,True,Self-study,Average,Fail,32.54,34.85
STU065,Science,Female,Low,53.41,54.21,67.55,80.57,25.58,2,False,19,True,True,Secondary,True,Self-study,Average,Pass,43.87,59.34
STU080,Science,Female,Average,54.09,62.99,59.2,84.64,24.72,2,False,18,True,False,Secondary,False,Self-study,Average,Pass,58.2,51.7
STU242,Arts,Male,Low,72.26,66.2,75.26,81.78,26.28,3,False,18,True,True,Secondary,False,Self-study,Strong,Pass,65.76,64.16
STU011,Science,Female,Average,42.37,41.25,54.59,73.21,22.43,2,False,18,False,True,Tertiary,True,Group-study,Average,Pass,49.81,46.68
STU227,Arts,Male,Average,56.4,83.08,92.89,87.75,24.65,4,True,17,True,True,Secondary,True,Group-study,Strong,Pass,90.69,72.94
STU160,Commercial,Male,Average,81.43,67.49,32.61,80.22,25.6,2,True,17,False,True,Tertiary,True,Group-study,Weak,Fail,33.62,29.95
STU186,Commercial,Male,Low,64.38,60.29,48.37,78.85,18.57,2,False,17,True,False,Tertiary,False,Group-study,Average,Fail,52.72,32.44
STU132,Commercial,Female,Low,67.83,41.45,69.26,72.51,22.16,2,False,19,False,False,Secondary,False,Group-study,Average,Pass,42.21,43.13
STU185,Commercial,Female,Average,77.27,46.7,45.86,72.0,18.89,2,True,19,False,True,Tertiary,True,Self-study,Average,Fail,50.98,45.7
STU083,Science,Female,Low,42.41,26.8,42.57,66.72,20.27,1,True,17,True,True,Tertiary,False,Self-study,Weak,Fail,39.15,47.29
STU272,Arts,Male,Low,60.04,66.83,62.38,81.84,18.61,3,False,17,False,True,Elementary,True,Group-study,Average,Pass,43.51,46.87
STU030,Science,Female,Average,44.5,53.46,67.64,78.67,21.03,2,False,18,True,True,Secondary,False,Self-study,Average,Pass,47.63,59.84
STU084,Science,Female,Low,41.01,50.0,28.19,71.97,21.34,1,False,18,False,True,Elementary,False,Self-study,Average,Fail,21.98,36.22
STU075,Science,Male,High,82.77,48.49,79.43,77.92,20.06,3,False,19,True,True,Tertiary,False,Group-study,Strong,Pass,64.31,72.9
STU156,Commercial,Female,Average,48.92,53.96,58.17,77.81,21.96,2,True,18,True,True,Elementary,False,Self-study,Average,Pass,55.04,51.47
STU281,Arts,Male,Average,86.86,70.11,96.44,88.21,25.2,3,True,19,True,True,Secondary,False,Group-study,Strong,Pass,77.11,78.98
STU200,Commercial,Male,Low,42.82,67.24,60.23,86.54,27.03,2,False,17,False,True,Tertiary,False,Self-study,Average,Pass,25.6,36.78
STU142,Commercial,Female,Low,48.81,62.16,46.76,77.75,20.4,2,False,19,True,False,Secondary,True,Group-study,Average,Fail,21.1,57.38
STU098,Science,Female,Average,66.99,66.08,51.25,80.73,20.82,3,True,19,False,True,Secondary,False,Group-study,Weak,Pass,30.38,26.3
STU023,Science,Female,Low,47.82,42.61,43.99,73.18,22.76,2,False,19,False,False,Tertiary,True,Self-study,Weak,Fail,28.05,25.42
STU239,Arts,Male,Average,66.15,52.02,95.87,75.57,24.08,3,True,17,True,True,Secondary,False,Self-study,Strong,Pass,70.38,74.15
STU040,Science,Female,High,44.68,98.4,57.64,97.69,30.06,3,False,17,False,True,Elementary,False,Group-study,Average,Pass,53.61,37.12
STU102,Commercial,Male,Low,53.27,60.08,26.81,81.39,25.71,2,False,18,True,False,Secondary,True,Group-study,Weak,Fail,28.84,27.73
STU259,Arts,Male,Low,62.61,43.74,51.44,70.44,22.71,2,True,19,False,False,Elementary,False,Group-study,Average,Pass,31.95,35.15
STU174,Commercial,Female,Low,51.29,80.88,62.21,89.27,20.02,2,False,19,False,True,Tertiary,True,Self-study,Average,Pass,34.46,44.84
STU086,Science,Female,Low,80.43,92.25,56.31,98.07,29.48,3,False,17,True,False,Secondary,False,Group-study,Average,Pass,36.19,52.05
STU126,Commercial,Female,Average,54.61,69.64,67.66,80.93,19.33,3,False,18,True,False,Elementary,True,Self-study,Average,Pass,53.1,50.0
STU245,Arts,Female,Low,49.44,87.44,94.77,92.29,25.8,3,False,18,True,True,Tertiary,True,Self-study,Strong,Pass,70.41,70.73
STU145,Commercial,Female,Low,33.76,80.06,87.48,90.11,25.92,2,False,17,True,True,Secondary,True,Group-study,Strong,Pass,73.72,71.25
STU287,Arts,Female,High,83.98,60.88,30.95,78.49,18.36,3,False,17,False,True,Secondary,False,Group-study,Average,Fail,23.36,39.37
STU250,Arts,Male,Low,50.45,63.91,51.12,80.63,19.09,2,True,19,True,False,Elementary,False,Group-study,Weak,Pass,56.11,58.71
STU008,Science,Male,Average,45.46,53.8,59.38,80.23,18.62,2,False,18,False,False,Tertiary,False,Self-study,Weak,Pass,31.49,41.75
STU295,Arts,Female,Low,55.48,58.55,43.84,82.3,18.26,2,False,18,False,False,Secondary,True,Group-study,Average,Fail,36.94,46.76
STU280,Arts,Male,Average,48.88,54.32,44.32,76.3,19.19,2,False,18,False,False,Elementary,False,Group-study,Weak,Fail,32.93,30.23
STU235,Arts,Female,Low,80.11,78.88,42.81,88.08,24.64,3,False,17,True,True,Tertiary,False,Group-study,Weak,Fail,56.97,51.85
STU151,Commercial,Male,Low,58.45,43.06,63.04,73.24,16.82,2,True,18,True,True,Secondary,True,Self-study,Average,Pass,34.37,65.16
STU202,Arts,Female,Average,56.11,60.75,25.36,80.81,19.06,2,True,18,False,True,Tertiary,True,Self-study,Average,Fail,28.52,24.6
STU253,Arts,Male,Average,56.52,78.18,51.59,87.57,22.26,3,True,18,True,True,Secondary,False,Group-study,Average,Pass,36.55,31.22
STU228,Arts,Female,Average,98.97,79.07,60.56,91.22,25.31,3,False,18,False,True,Secondary,True,Group-study,Average,Pass,68.16,40.37
STU300,Arts,Female,High,61.47,90.26,55.85,96.4,27.99,3,False,19,True,True,Tertiary,True,Group-study,Weak,Pass,32.38,60.44
STU029,Science,Male,Average,54.98,73.09,36.44,87.13,26.53,2,False,17,False,False,Elementary,True,Group-study,Weak,Fail,39.08,44.44
STU009,Science,Male,Low,38.18,45.75,60.27,75.19,17.03,2,False,19,True,False,Secondary,True,Group-study,Average,Pass,31.59,44.54
STU198,Commercial,Male,High,95.84,83.45,48.12,92.88,28.32,3,False,19,True,False,Secondary,True,Group-study,Weak,Fail,33.58,32.09
STU001,Science,Female,High,46.6,83.46,92.7,88.39,26.85,3,False,18,True,True,Elementary,True,Self-study,Strong,Pass,71.48,66.39
STU004,Science,Male,Low,89.52,76.04,48.95,90.92,29.25,3,False,19,True,True,Tertiary,True,Group-study,Weak,Fail,55.78,48.97
STU269,Arts,Female,Low,57.8,47.32,48.56,71.36,23.52,2,True,17,False,False,Tertiary,False,Self-study,Average,Fail,56.59,60.4
STU152,Commercial,Female,Average,65.34,92.57,80.02,99.92,23.18,4,False,18,True,True,Secondary,True,Self-study,Strong,Pass,69.18,61.87
STU072,Science,Female,High,94.44,47.29,74.04,75.26,21.91,3,False,17,True,False,Tertiary,True,Self-study,Strong,Pass,59.8,59.53
STU079,Science,Female,Low,68.46,28.65,71.23,63.27,18.99,2,True,17,False,True,Elementary,False,Group-study,Strong,Pass,60.88,64.81
STU172,Commercial,Female,Low,52.28,61.75,49.63,77.35,19.49,2,False,18,True,False,Elementary,False,Self-study,Average,Fail,52.66,38.06
STU205,Arts,Male,Low,42.93,45.09,49.69,70.89,21.4,2,True,17,False,True,Tertiary,False,Group-study,Average,Fail,30.14,55.71
STU204,Arts,Male,Low,49.08,44.68,82.83,72.18,17.34,2,True,18,True,True,Elementary,True,Group-study,Strong,Pass,71.76,71.13
STU022,Science,Female,Low,69.77,40.62,60.43,70.28,22.0,2,True,19,True,False,Tertiary,True,Self-study,Weak,Pass,29.81,49.42
STU044,Science,Male,Average,69.92,86.91,32.07,90.09,21.04,3,False,19,False,False,Elementary,False,Self-study,Weak,Fail,29.1,53.47
STU087,Science,Male,Average,63.64,83.85,72.1,95.85,22.22,3,False,17,True,True,Secondary,True,Self-study,Strong,Pass,67.01,60.31
STU195,Commercial,Female,Average,52.23,48.02,59.63,76.79,20.05,2,False,18,False,True,Tertiary,False,Group-study,Weak,Pass,32.78,38.38
STU182,Commercial,Female,Low,60.17,35.35,81.95,68.66,21.43,2,True,17,True,False,Secondary,False,Self-study,Strong,Pass,65.01,73.69
STU211,Arts,Male,Low,48.96,44.56,66.42,71.03,17.39,2,False,17,True,True,Secondary,True,Group-study,Average,Pass,37.23,68.72
STU139,Commercial,Female,Low,69.41,56.73,69.59,79.74,21.29,3,False,18,True,False,Secondary,True,Self-study,Average,Pass,70.76,58.83
STU019,Science,Female,Average,51.91,88.71,73.48,93.03,22.99,3,True,18,False,True,Elementary,True,Self-study,Strong,Pass,69.47,57.58
STU232,Arts,Male,Low,53.45,68.23,60.54,85.87,24.5,2,False,17,True,True,Elementary,True,Group-study,Weak,Pass,48.38,60.05
STU155,Commercial,Male,Average,63.95,44.98,47.24,68.82,15.39,2,True,17,True,True,Elementary,True,Group-study,Average,Fail,49.99,44.66
STU112,Commercial,Female,Low,39.16,53.85,63.55,80.08,24.67,2,True,18,False,True,Tertiary,True,Group-study,Average,Pass,56.98,48.98
STU055,Science,Male,High,50.63,46.22,91.86,75.86,19.75,3,False,19,True,True,Tertiary,False,Group-study,Strong,Pass,81.81,66.5
STU048,Science,Male,High,60.4,40.81,83.78,72.78,18.55,2,True,18,True,False,Tertiary,False,Self-study,Average,Pass,68.22,71.6
STU189,Commercial,Male,Low,57.41,48.73,54.68,70.79,22.01,2,True,17,True,True,Secondary,False,Self-study,Average,Pass,54.36,48.06
STU060,Science,Female,Average,50.89,44.51,44.53,68.89,22.83,2,True,18,True,False,Elementary,False,Group-study,Average,Fail,45.96,38.16
STU275,Arts,Male,Low,28.45,46.26,44.69,75.91,24.06,1,False,17,True,False,Secondary,False,Group-study,Weak,Fail,44.98,35.45
STU002,Science,Male,Average,34.32,39.54,47.89,71.89,19.32,1,True,17,True,False,Elementary,True,Self-study,Weak,Fail,22.88,57.28
STU208,Arts,Male,Low,43.79,41.32,60.17,74.58,22.3,2,True,18,True,False,Secondary,False,Self-study,Weak,Pass,59.5,30.3
STU209,Arts,Female,Low,57.05,44.73,50.81,71.47,16.69,1,False,19,True,False,Secondary,True,Group-study,Weak,Pass,59.83,54.18
STU150,Commercial,Female,High,51.73,71.14,83.26,83.74,22.71,3,True,19,True,True,Elementary,True,Group-study,Strong,Pass,71.01,62.7
STU240,Arts,Female,Average,57.96,69.63,43.15,81.16,25.15,2,False,17,False,False,Tertiary,True,Group-study,Weak,Fail,58.33,35.06
STU183,Commercial,Male,Average,86.0,64.95,40.6,79.73,23.17,3,False,18,False,True,Tertiary,False,Self-study,Weak,Fail,23.9,46.83
STU289,Arts,Female,Average,89.16,87.17,42.72,95.23,29.96,3,False,17,False,True,Secondary,False,Self-study,Weak,Fail,42.51,25.93
STU254,Arts,Female,Average,34.48,67.91,41.23,83.64,19.9,2,False,19,False,False,Elementary,True,Self-study,Weak,Fail,54.75,41.2
STU104,Commercial,Male,Low,45.62,40.84,64.16,71.89,15.56,2,False,18,True,True,Elementary,False,Self-study,Weak,Pass,57.5,57.1
STU090,Science,Female,Low,33.55,59.87,27.51,83.2,20.77,1,True,18,True,True,Elementary,True,Group-study,Weak,Fail,25.11,30.43
STU056,Science,Male,Low,67.33,63.39,55.21,80.83,19.04,2,True,19,False,False,Elementary,False,Self-study,Average,Pass,34.62,68.41
STU246,Arts,Male,Average,52.07,41.01,35.49,70.46,18.31,2,True,18,False,False,Secondary,True,Group-study,Average,Fail,40.46,30.58
STU170,Commercial,Male,Low,53.56,78.84,92.16,88.8,21.92,3,False,19,True,True,Elementary,True,Group-study,Average,Pass,69.94,71.42
STU257,Arts,Male,Average,88.55,56.82,94.93,77.44,17.69,3,False,19,True,True,Tertiary,False,Self-study,Strong,Pass,87.35,72.98
STU073,Science,Female,High,43.83,97.79,72.3,96.51,25.61,3,False,18,True,False,Elementary,False,Self-study,Strong,Pass,57.19,65.35
STU125,Commercial,Female,High,40.95,44.99,71.25,71.16,15.85,2,False,19,True,True,Tertiary,True,Self-study,Average,Pass,53.43,67.49
STU119,Commercial,Male,Low,41.9,43.11,85.5,70.79,22.47,2,False,18,True,False,Elementary,True,Self-study,Average,Pass,65.8,66.39
STU107,Commercial,Female,Average,51.89,44.14,68.01,69.68,18.58,2,True,19,False,True,Elementary,False,Group-study,Weak,Pass,65.48,47.37
STU140,Commercial,Male,High,83.44,91.56,59.67,94.82,26.63,3,False,18,True,True,Secondary,True,Group-study,Weak,Pass,63.05,52.86
STU111,Commercial,Female,Average,80.83,48.01,60.07,76.95,17.8,2,True,17,False,False,Secondary,False,Self-study,Weak,Pass,35.16,32.4
STU180,Commercial,Female,Average,62.56,60.71,66.36,80.61,20.15,2,False,19,True,True,Secondary,False,Group-study,Average,Pass,57.53,67.55
STU234,Arts,Male,Average,59.43,50.93,62.52,72.8,22.54,2,False,19,False,False,Tertiary,False,Self-study,Average,Pass,37.33,57.11
STU255,Arts,Female,Low,40.3,36.6,65.27,66.47,19.51,2,False,18,False,False,Elementary,False,Self-study,Weak,Pass,39.71,47.46
STU293,Arts,Male,Average,96.93,60.99,65.68,78.96,18.38,3,True,18,True,True,Tertiary,True,Self-study,Weak,Pass,65.35,61.61
STU014,Science,Female,Low,63.71,41.32,75.5,70.88,22.65,2,False,19,True,True,Secondary,False,Group-study,Average,Pass,67.61,72.31
STU108,Commercial,Male,High,72.1,86.12,93.73,90.04,25.6,4,True,19,True,True,Secondary,False,Self-study,Average,Pass,76.66,71.71
STU106,Commercial,Female,Low,67.43,49.79,42.67,71.02,19.29,2,False,18,False,False,Elementary,False,Self-study,Weak,Fail,44.48,28.63
STU284,Arts,Female,Average,51.88,49.84,92.88,76.76,22.75,3,False,18,True,True,Secondary,True,Group-study,Strong,Pass,88.89,73.35
STU123,Commercial,Female,High,77.57,96.37,63.14,97.7,25.74,3,False,18,True,True,Secondary,False,Group-study,Average,Pass,62.64,48.61
STU196,Commercial,Female,Average,67.18,65.26,57.13,82.02,20.72,3,False,17,True,True,Tertiary,False,Self-study,Weak,Pass,40.61,51.72
STU154,Commercial,Male,Low,62.19,44.07,54.53,74.27,20.54,2,False,18,True,True,Elementary,False,Group-study,Average,Pass,28.55,34.68
STU225,Arts,Female,Low,44.6,40.33,60.48,71.02,22.15,2,True,18,False,True,Secondary,True,Group-study,Average,Pass,61.06,49.26
STU097,Science,Male,Low,59.06,69.23,62.44,85.47,22.41,3,True,17,False,True,Secondary,False,Group-study,Average,Pass,58.02,44.95
STU214,Arts,Female,Low,46.07,50.42,39.03,73.48,18.68,2,False,19,False,False,Elementary,True,Self-study,Weak,Fail,46.66,29.78
STU244,Arts,Female,Low,49.15,44.91,65.21,68.98,17.29,2,True,17,True,True,Elementary,False,Self-study,Weak,Pass,40.81,44.84
STU260,Arts,Female,Low,47.14,58.05,44.42,78.88,22.19,2,False,18,False,False,Tertiary,True,Group-study,Weak,Fail,32.61,36.26
STU016,Science,Female,Low,35.73,44.49,89.06,70.93,18.29,2,True,19,False,True,Tertiary,True,Self-study,Strong,Pass,64.86,73.6
STU078,Science,Female,High,63.6,64.91,95.99,83.44,19.51,2,False,18,True,True,Secondary,False,Self-study,Strong,Pass,70.7,82.63
STU082,Science,Male,Low,56.63,60.16,52.2,78.81,24.16,2,False,18,True,True,Elementary,True,Group-study,Weak,Pass,24.74,43.85
STU021,Science,Male,Average,44.14,54.74,47.7,78.01,18.99,2,True,17,False,True,Elementary,True,Group-study,Weak,Fail,27.1,56.83
STU279,Arts,Male,Average,46.53,45.54,64.68,72.53,23.91,2,True,17,True,True,Elementary,True,Self-study,Average,Pass,62.58,44.01
STU169,Commercial,Female,Average,50.08,34.17,46.64,67.52,20.99,2,True,19,False,True,Elementary,False,Group-study,Average,Fail,59.43,52.56
STU168,Commercial,Female,Low,35.75,50.35,67.16,74.29,19.57,2,True,18,True,False,Elementary,False,Group-study,Weak,Pass,48.43,55.97
STU201,Arts,Male,Low,40.53,50.99,57.65,72.07,16.93,2,True,19,True,True,Elementary,False,Group-study,Average,Pass,40.61,39.54
STU216,Arts,Female,High,78.04,91.25,30.09,96.28,25.43,3,False,19,False,True,Tertiary,True,Group-study,Weak,Fail,24.86,33.92
STU285,Arts,Male,Low,97.61,39.01,67.37,68.89,17.79,3,True,19,True,True,Tertiary,False,Group-study,Average,Pass,44.22,49.41
STU291,Arts,Female,Average,69.43,47.92,46.81,71.11,16.62,2,False,17,False,False,Tertiary,True,Self-study,Average,Fail,53.88,48.24
STU294,Arts,Female,Average,64.42,69.18,85.79,81.62,24.91,3,False,17,True,True,Elementary,True,Group-study,Strong,Pass,71.91,81.19
STU213,Arts,Male,Low,48.36,46.76,40.15,69.77,19.87,2,True,19,False,True,Tertiary,False,Self-study,Average,Fail,45.09,47.25
STU013,Science,Male,High,52.81,56.83,50.14,74.47,23.7,2,False,17,False,True,Tertiary,False,Group-study,Average,Pass,46.6,48.87
STU159,Commercial,Female,High,93.55,62.93,90.37,78.78,23.69,4,False,18,True,True,Tertiary,False,Group-study,Strong,Pass,69.66,70.0
STU264,Arts,Male,High,51.12,49.93,88.44,78.55,19.83,3,True,18,True,True,Tertiary,False,Self-study,Strong,Pass,73.83,75.11
STU110,Commercial,Female,High,78.94,98.28,66.97,97.6,29.98,3,False,19,False,True,Secondary,True,Group-study,Average,Pass,37.05,57.01
STU066,Science,Male,Average,40.82,46.72,55.56,72.31,21.77,2,True,19,True,True,Elementary,False,Self-study,Average,Pass,38.77,64.89
STU248,Arts,Male,Low,45.62,37.65,48.88,70.02,18.02,2,True,18,True,False,Secondary,True,Self-study,Average,Fail,56.02,26.37
STU164,Commercial,Male,Average,50.5,26.14,67.03,61.3,13.5,2,False,19,False,False,Tertiary,False,Self-study,Weak,Pass,68.49,55.95
STU203,Arts,Female,Average,48.82,47.11,97.12,74.7,18.48,2,False,19,True,True,Secondary,False,Self-study,Strong,Pass,76.55,70.59
STU099,Science,Female,Low,44.44,41.02,51.7,70.85,20.55,2,True,19,False,True,Elementary,True,Group-study,Average,Pass,30.2,58.1
STU158,Commercial,Male,Average,57.18,77.76,51.46,90.22,26.29,3,False,19,False,False,Elementary,True,Group-study,Average,Pass,31.7,40.02
STU288,Arts,Male,Average,47.25,47.16,48.78,71.36,19.08,2,False,18,False,True,Elementary,True,Group-study,Weak,Fail,30.63,31.88
STU197,Commercial,Male,Average,48.01,68.07,40.58,87.79,22.75,2,False,18,False,False,Elementary,False,Group-study,Weak,Fail,25.67,48.79
STU116,Commercial,Male,Average,44.43,66.98,68.37,82.96,21.85,2,False,19,True,True,Tertiary,False,Group-study,Weak,Pass,50.56,63.95
STU236,Arts,Male,Low,61.69,56.37,55.75,81.07,25.84,2,False,17,True,False,Tertiary,True,Group-study,Average,Pass,61.15,63.83
STU036,Science,Male,High,80.15,55.82,98.14,76.85,19.91,3,False,19,False,False,Tertiary,False,Group-study,Strong,Pass,68.81,72.48
STU173,Commercial,Male,High,53.55,94.19,87.35,97.5,26.95,3,False,18,True,False,Elementary,True,Group-study,Average,Pass,68.03,69.61
STU193,Commercial,Male,Average,67.09,29.68,48.42,65.39,18.32,2,True,17,True,False,Tertiary,False,Self-study,Weak,Fail,33.67,59.37
STU178,Commercial,Female,Average,81.29,52.5,46.88,78.89,25.28,3,False,19,True,True,Secondary,True,Self-study,Weak,Fail,34.22,28.68
STU229,Arts,Male,High,96.52,73.05,65.75,88.5,25.43,3,False,18,True,True,Secondary,True,Group-study,Average,Pass,55.33,55.75
STU176,Commercial,Female,Low,53.14,26.56,52.77,65.53,17.32,1,True,17,True,False,Tertiary,False,Group-study,Average,Pass,40.42,60.72
STU089,Science,Male,Low,48.09,40.47,49.56,71.3,17.51,2,True,19,True,True,Tertiary,True,Self-study,Weak,Fail,28.28,34.41
STU252,Arts,Female,Low,82.57,49.82,98.32,75.11,20.16,3,False,19,True,True,Secondary,True,Self-study,Strong,Pass,76.54,83.48
STU025,Science,Female,Low,25.72,64.55,54.87,83.99,20.35,2,True,17,True,False,Elementary,False,Self-study,Average,Pass,59.07,39.7
STU047,Science,Female,Low,67.98,52.68,48.44,79.77,20.72,2,False,19,True,True,Tertiary,True,Group-study,Weak,Fail,55.45,68.22
STU270,Arts,Female,Average,52.11,60.38,44.23,80.17,18.32,2,False,18,True,True,Secondary,False,Group-study,Weak,Fail,26.39,48.49
STU276,Arts,Male,Low,61.7,59.91,40.71,81.7,19.57,2,True,18,True,False,Elementary,True,Group-study,Weak,Fail,42.45,39.41
STU095,Science,Male,Average,69.81,79.46,44.62,93.45,23.32,3,False,17,True,True,Secondary,True,Group-study,Weak,Fail,52.87,40.05
STU184,Commercial,Male,Low,52.49,75.8,43.23,84.36,21.9,2,False,18,False,True,Elementary,False,Self-study,Weak,Fail,48.61,27.3
STU071,Science,Male,Average,45.83,56.43,31.27,78.95,17.27,2,True,19,True,False,Elementary,False,Self-study,Average,Fail,33.91,32.6
STU146,Commercial,Female,Low,58.75,47.19,42.5,70.39,23.26,2,True,17,False,False,Elementary,False,Group-study,Weak,Fail,44.07,31.66
STU256,Arts,Male,Average,95.93,73.03,66.5,89.37,22.03,3,True,17,True,False,Secondary,False,Group-study,Average,Pass,51.47,43.66
STU120,Commercial,Male,Low,65.95,48.87,43.36,74.13,18.08,2,True,17,False,True,Secondary,True,Self-study,Average,Fail,32.41,22.87
STU028,Science,Male,Low,67.18,43.9,86.27,73.94,24.58,3,False,19,True,True,Elementary,False,Group-study,Strong,Pass,70.51,61.63
STU105,Commercial,Male,Average,51.53,58.85,56.31,82.31,25.06,2,False,18,True,False,Elementary,True,Self-study,Average,Pass,30.03,63.17
STU100,Science,Female,Low,47.45,84.36,55.88,91.88,22.76,3,False,19,True,False,Elementary,True,Self-study,Average,Pass,49.44,66.69
STU278,Arts,Male,Low,55.98,41.16,58.88,70.81,21.09,2,False,17,False,True,Elementary,True,Group-study,Weak,Pass,57.66,64.41
STU298,Arts,Female,Average,94.13,97.31,45.73,95.18,28.97,3,True,17,True,False,Secondary,False,Group-study,Average,Fail,51.85,38.14
